Price, Weight in grams
10.0,700

10.0,700

7.8,500

7.8,500

7.8,500

7.8,500

7.8,500

7.8,500

10.0,700

7.8,500

7.8,500

7.8,500

10.0,700

7.8,500

7.8,500

3.5,250

10.0,700

7.8,500

7.8,500

3.5,250

7.8,500

7.8,500

7.8,500

10.0,700

7.8,500

7.8,500

7.8,500

7.8,500

7.8,500

7.8,500

7.8,500

10.0,700

7.8,500

10.0,700

10.0,700

10.0,700

7.8,500

7.8,500

3.5,250

10.0,700

7.8,500

7.8,500

7.8,500

7.8,500

3.5,250

7.8,500

10.0,700

7.8,500

7.8,500

10.0,700

7.8,500

3.5,250

3.5,250

3.5,250

10.0,700

7.8,500

7.8,500

7.8,500

7.8,500

7.8,500

7.8,500

7.8,500

7.8,500

7.8,500

7.8,500

7.8,500

7.8,500

7.8,500

7.8,500

3.5,250

7.8,500

7.8,500

7.8,500

3.5,250

7.8,500

7.8,500

3.5,250

7.8,500

10.0,700

7.8,500

10.0,700

10.0,700

10.0,700

7.8,500

7.8,500

10.0,700

3.5,250

10.0,700

7.8,500

10.0,700

7.8,500

10.0,700

10.0,700

7.8,500

7.8,500

10.0,700

7.8,500

10.0,700

10.0,700

7.8,500
